                  epoch,         train/box_loss,         train/cls_loss,         train/dfl_loss,   metrics/precision(B),      metrics/recall(B),       metrics/mAP50(B),    metrics/mAP50-95(B),           val/box_loss,           val/cls_loss,           val/dfl_loss,                 lr/pg0,                 lr/pg1,                 lr/pg2
                      1,                 3.3772,                  3.973,                 4.2359,                0.00222,                0.11634,                0.00203,                0.00084,                 3.0413,                  4.105,                 4.1585,              6.668e-05,              6.668e-05,              6.668e-05
                      2,                 3.5732,                 3.9822,                 4.2421,                0.00266,                0.14015,                0.00215,                0.00089,                 3.0404,                 4.1065,                 4.1576,             0.00012032,             0.00012032,             0.00012032
                      3,                 3.3039,                 3.8978,                 4.2002,                0.00254,                 0.1342,                0.00177,                0.00072,                 3.0395,                 4.1096,                 4.1562,             0.00014096,             0.00014096,             0.00014096
                      4,                 3.4856,                 3.8801,                 4.1696,                 0.0021,                0.11039,                0.00164,                0.00073,                 3.0418,                 4.1105,                 4.1548,             0.00012859,             0.00012859,             0.00012859
                      5,                 3.5161,                 3.8619,                 4.1631,                0.00232,                0.12229,                0.00175,                0.00079,                   3.04,                 4.1137,                 4.1526,             8.3217e-05,             8.3217e-05,             8.3217e-05
