fitness,lr0,lrf,momentum,weight_decay,warmup_epochs,warmup_momentum,box,cls,dfl,hsv_h,hsv_s,hsv_v,degrees,translate,scale,shear,perspective,flipud,fliplr,mosaic,mixup,copy_paste
0.58972,0.01,0.01,0.937,0.0005,3.0,0.8,7.5,0.5,1.5,0.015,0.7,0.4,0.0,0.1,0.5,0.0,0.0,0.0,0.5,1.0,0.0,0.0
0.58553,0.01079,0.01041,0.937,0.00057,3.1348,0.8,7.5,0.54499,1.29118,0.01475,0.72825,0.4,0.0,0.09641,0.43723,0.0,0.0,0.0,0.52855,1.0,0.0,0.0
0.60633,0.00995,0.00999,0.94009,0.00049,3.04551,0.78547,7.67129,0.50613,1.48768,0.01479,0.69331,0.40465,0.0,0.10255,0.50082,0.0,0.0,0.0,0.49729,1.0,0.0,0.0
