                  epoch,         train/box_loss,         train/cls_loss,         train/dfl_loss,   metrics/precision(B),      metrics/recall(B),       metrics/mAP50(B),    metrics/mAP50-95(B),           val/box_loss,           val/cls_loss,           val/dfl_loss,                 lr/pg0,                 lr/pg1,                 lr/pg2
                      1,                 1.7871,                 3.3869,                 1.8162,                0.00739,                0.25054,                0.04979,                0.02739,                  1.344,                 3.5349,                 1.5509,              6.668e-05,              6.668e-05,              6.668e-05
                      2,                 1.5772,                 3.2958,                 1.6346,                0.01173,                0.44426,                0.11295,                0.06209,                 1.4774,                 3.4225,                 1.5563,             0.00012032,             0.00012032,             0.00012032
                      3,                 1.4218,                 2.8433,                 1.5394,                0.01186,                0.47998,                0.14923,                0.09478,                 1.2798,                 3.2818,                 1.3758,             0.00014096,             0.00014096,             0.00014096
                      4,                 1.4568,                   2.52,                 1.5272,                0.01236,                0.49188,                0.19024,                 0.1226,                   1.21,                 3.1764,                   1.31,             0.00012859,             0.00012859,             0.00012859
                      5,                 1.4571,                 2.3117,                 1.4569,                0.86288,                0.20481,                0.23028,                0.14214,                  1.199,                  3.098,                 1.3024,             8.3217e-05,             8.3217e-05,             8.3217e-05
