                  epoch,         train/box_loss,         train/cls_loss,         train/dfl_loss,   metrics/precision(B),      metrics/recall(B),       metrics/mAP50(B),    metrics/mAP50-95(B),           val/box_loss,           val/cls_loss,           val/dfl_loss,                 lr/pg0,                 lr/pg1,                 lr/pg2
                      1,                 1.4481,                 3.2318,                 1.5831,                0.01409,                0.53479,                0.11805,                0.07524,                 1.2168,                 3.3267,                 1.3697,             0.00013336,             0.00013336,             0.00013336
                      2,                 1.2599,                 2.5817,                 1.4375,                0.75263,                0.23061,                0.21656,                0.14461,                 1.1273,                 2.9646,                 1.2222,             0.00022728,             0.00022728,             0.00022728
                      3,                 1.2683,                 1.9472,                 1.4093,                 0.8456,                0.19496,                0.28259,                0.17944,                 1.0899,                 2.6472,                 1.1999,             0.00026179,             0.00026179,             0.00026179
                      4,                 1.1781,                  1.726,                 1.3778,                0.88565,                0.25161,                0.33151,                0.21458,                 1.0813,                 2.4865,                 1.2141,             0.00023688,             0.00023688,             0.00023688
                      5,                  1.179,                 1.6374,                 1.3372,                0.85389,                0.30968,                0.41152,                0.27928,                 1.0924,                 2.2165,                 1.1867,             0.00015256,             0.00015256,             0.00015256
